year,month,gross_margin_pct,revenue,cogs,avg_stock_on_hand,avg_dos,overstock_rate
2013,8,-30.68323407128495,116271755.96,151947691.0,103.38012958963283,188.3794816414687,65.87473002159827
2015,8,-32.348777109867356,119854986.63,158626609.11,157.38372093023256,599.100968992248,73.83720930232558
2017,8,-35.39049014157467,117297361.76,158809473.01,191.71978021978023,606.9271062271063,75.82417582417582
2019,8,-34.235409631281364,81495589.86,109395938.88,220.22368421052633,929.7274436090225,80.07518796992481
2021,8,-40.0862311494915,68280026.82000001,95650916.2,228.21971252566735,975.911909650924,73.92197125256673
2021,12,-2.0712621385440646,50403908.35,51447905.42,229.2207505518764,1624.721412803532,75.93818984547461
2022,12,-1.9726212916449886,52454936.2,53489673.44,245.83726415094338,1869.2294811320755,80.4245283018868
