odd_year,nov_stock,dec_stock,jan_next_stock,nov_to_dec_stock_pct,dec_to_jan_stock_pct,nov_dos,dec_dos,jan_next_dos,nov_to_dec_dos_pct,dec_to_jan_dos_pct
2013,110.70370370370371,111.61134453781513,119.04966139954853,0.8198829883241388,6.664481010004519,428.6130718954248,386.81050420168066,482.6625282167043,-9.752984786227737,24.780098516933503
2015,167.22431865828094,172.15320910973085,173.14957264957266,2.947472288119757,0.578765591994701,743.6215932914046,702.3453416149068,762.3952991452992,-5.550706441135134,8.549918960424673
2017,210.04848484848486,208.713163064833,215.1231732776618,-0.6357207406733179,3.0712055333269372,906.729898989899,940.0618860510806,1005.1693110647182,3.6760657278770204,6.925865837102951
2019,260.1217183770883,245.6813186813187,273.91122715404697,-5.551401007906587,11.490457892464434,1753.9260143198092,1572.8894505494504,1966.6657963446476,-10.321790217620242,25.035220730715757
2021,263.81748071979433,229.2207505518764,258.58762886597935,-13.113888463162072,12.811614237977453,1943.3904884318767,1624.721412803532,2078.4840206185568,-16.39758337427487,27.928640826616324
