year,focus_recv_avg,focus_sold_avg,focus_ratio_avg,focus_net_avg,post_recv_avg,post_sold_avg,post_ratio_avg,post_net_avg
2013,9687.0,8250.75,1.1712903044191656,1436.25,9923.75,8465.0,1.1709078683036331,1458.75
2015,10726.5,9136.0,1.1733621756610375,1590.5,9709.25,8312.75,1.1674440323392117,1396.5
2017,9072.5,7745.75,1.1692122478112794,1326.75,7617.5,6523.75,1.1647465530516088,1093.75
2019,4765.0,4148.0,1.1453787378643239,617.0,3886.0,3379.75,1.1444465698801225,506.25
2021,3682.75,3232.25,1.135326282695483,450.5,4038.5,3527.25,1.1418733187530494,511.25
