year,focus_months,avg_stock_focus,avg_stock_baseline_JanJul,avg_stock_post_DecMar,avg_dos_focus,avg_dos_baseline_JanJul,avg_dos_post_DecMar,avg_overstock_focus_pct,avg_overstock_post_pct,avg_margin_focus_pct,avg_margin_post_pct,min_margin_focus_pct,min_margin_post_pct,focus_negative_margin_months,post_negative_margin_months
2013,Aug-Nov,105.35501700357251,85.65015963481271,116.47758346154357,286.26352139348865,179.90055014281396,402.17967458158387,74.71964836943741,75.22315270359704,3.0914801154626868,13.632787414310966,-30.68323407128495,1.2220895074611131,1,0
2015,Aug-Nov,164.78288500767334,155.78017011166668,173.54909115829034,745.8342735453641,677.5406462742577,739.5307142787368,79.20306299471416,80.9146889488145,1.917943490824574,12.837601292545777,-32.348777109867356,0.25164537442685053,1,0
2017,Aug-Nov,202.50103949248512,199.92813762829104,210.21704082838818,796.3780441243108,845.2341133711546,850.9381099466768,79.79167016302296,81.62827098577088,1.6623381917054005,13.712502290988848,-35.39049014157467,1.0908554270033557,1,0
2019,Aug-Nov,238.47551331820918,225.66308576898967,250.88810983568783,1371.0014764088912,1177.3676561001776,1608.826234430498,84.34547944650767,85.25755258670966,2.2734130793429617,14.167729681370298,-34.235409631281364,1.362067197287794,1,0
2021,Aug-Nov,244.70281252325174,240.41350803540408,243.2961327102909,1534.665065928969,1341.9432812972132,1718.9177048522238,77.35095507309398,76.39109799165901,-2.176605173407254,10.42634224179,-40.0862311494915,-2.0712621385440646,1,1
