variant,rmse,mae,mape,bias
switch_month_3_7_9_10_resid,761977.2351592641,548643.8513406137,0.21851659156465233,-61375.76050928011
switch_month_3_7_9_10_no_marketing,762304.0404873813,547972.8971903659,0.21838204005963624,-58690.70118968754
combo_h1_30_month_3_7_9_10_no_marketing,763028.2963838577,548611.1580572127,0.2182845163632538,-61286.10698176641
switch_h_1_30_91_120_resid,778550.5623492335,562467.0601508893,0.2214245422692463,-80682.44651407402
switch_h_1_30_91_120_no_marketing,779191.1892149434,561864.5321302951,0.22126455669349013,-79716.50253887697
switch_h_1_30_no_marketing,779932.2605432027,563065.1116122769,0.22078238097799452,-81590.76570543648
no_lag,784116.6356749793,566850.9809251834,0.22243548648818806,-79171.99342382456
