{
  "raw_rmse": 1109732.1426417544,
  "calibrated_rmse": 844784.5671854214
}