source_group,feature_count,selected_count,median_mic_all,max_mic_all
mix_geo_product,48,11,0.10314327097735045,0.19438862031484336
marketing_web,33,7,0.072115944704986,0.19773763212693637
ops_quality_inventory,42,2,0.16225742472353188,0.19438862031484336
volume,33,0,0.15573137293084754,0.19438862031484336
