{
  "raw_rmse": 869946.4424840066,
  "calibrated_rmse": 770220.2587797155
}