{
  "objective": "reg:squarederror",
  "learning_rate": 0.027252409752096106,
  "n_estimators": 1150,
  "max_depth": 4,
  "min_child_weight": 13.942642682752806,
  "subsample": 0.8657818209451603,
  "colsample_bytree": 0.7203017080531933,
  "gamma": 0.006122633792623067,
  "reg_alpha": 0.014041670966351881,
  "reg_lambda": 0.04809934957874723,
  "tree_method": "hist",
  "n_jobs": 1,
  "verbosity": 0
}