{
  "raw_rmse": 890487.0015329757,
  "calibrated_rmse": 749773.5110153998
}