scenario,feature_count,include_baseline_features,excluded_raw_groups,include_levels,include_lifts,raw_rmse_mean,cal_rmse_mean,raw_mae_mean,cal_mae_mean,grouped_raw_rmse,grouped_cal_rmse,delta_cal_rmse_vs_full
minus_marketing_web,367,1,marketing_web,1,1,901734.0879117559,808558.2444279226,640805.8774275342,575523.6542516694,887646.3134260178,745261.4883457642,-2040.7879118508426
full_model,444,1,,1,1,906437.4513138455,810599.0323397735,645287.0604861764,577091.4954640279,890487.0015329757,749773.5110153998,0.0
minus_ops_quality_inventory,346,1,ops_quality_inventory,1,1,901907.3380274832,811061.182317487,641991.4432653816,574641.4413526544,886402.6879003344,749928.8238191499,462.1499777134741
minus_aux_projection_lifts,236,1,,1,0,906812.6120827751,814791.6677236756,646178.5293701439,577014.6815770736,890000.4408503919,758518.1443297496,4192.635383902118
minus_mix_geo_product,332,1,mix_geo_product,1,1,911398.9900503191,815505.7879070385,649572.8058130884,580156.6682035913,894964.6487827665,756110.3640991048,4906.755567264976
minus_volume,367,1,volume,1,1,911090.9130532523,827979.5460251803,647469.4938577105,586552.7711136959,897519.8564963769,766621.2860426966,17380.513685406768
minus_aux_projection_levels,288,1,,0,1,913804.9848108048,833868.7329516421,648719.7991815422,590752.8453939568,906756.3650361792,771066.8092030125,23269.70061186864
minus_baseline_features,427,0,,1,1,983582.602724249,836855.1815640492,724981.6592612956,606480.1306177881,962368.2946974004,770568.1751466899,26256.149224275723
