{
  "raw_rmse": 853336.8589389466,
  "calibrated_rmse": 753448.7745249042
}