{
  "raw_rmse": 847890.3004238897,
  "calibrated_rmse": 792799.5552912079
}