{
  "raw_rmse": 951164.9686012268,
  "calibrated_rmse": 771489.1307042863
}