{
  "raw_rmse": 887646.3134260178,
  "calibrated_rmse": 745261.4883457642
}