{
  "raw_rmse": 941917.9093455852,
  "calibrated_rmse": 769709.6482136609
}