{
  "raw_rmse": 823282.8638831377,
  "calibrated_rmse": 751714.3646945244
}