fold,months,avg_monthly_abs_err_raw,avg_monthly_abs_err_calibrated,avg_monthly_ape_raw,avg_monthly_ape_calibrated,mean_actual_revenue,segment
ALL,35,11950594.514234893,6563768.80940405,0.16807038454006554,0.09232929795334226,71878358.30399999,non_peak
ALL,13,20796831.47702205,13351531.534040365,0.15703299681711386,0.10025650953695482,132830326.40846154,peak_month
fold1_2020H2-2021,13,9821748.022091607,6109764.465420989,0.14364853861645524,0.09007788214186048,65421924.351538464,non_peak
fold1_2020H2-2021,5,32659474.420077186,17213498.791260935,0.2516861709670419,0.1307590095995775,128339236.53,peak_month
fold2_2021H2-2022,13,13792610.238953777,8340929.863752938,0.2024441091746015,0.12124618569774714,70260002.89461538,non_peak
fold2_2021H2-2022,5,12541025.715133086,11229408.1008277,0.0926485397028435,0.08481459523924895,133445343.08199999,peak_month
fold3_test_proxy,9,12364905.622736808,4652542.449986745,0.15369544862428397,0.05381250516134227,83541942.93777779,non_peak
fold3_test_proxy,3,14785436.175078431,10451791.827360526,0.10658513509101787,0.07515553326209347,139290448.41666666,peak_month
